Metric,Score
Accuracy,0.8720888993970919
Precision,0.8791402435010562
Recall,0.8720888993970919
F1 Score,0.8676554107203351
